Employee_ID,Name,Department,Age,Salary,Joining_Date
2.0,Employee_1,IT,25.0,40000.0,2020-01-01
2.0,Employee_1,HR,26.0,45000.0,2020-01-02
3.0,Employee_3,HR,27.0,50000.0,2020-01-03
4.0,Employee_4,Sales,29.362745098039216,55000.0,2020-01-04
5.0,Employee_5,Marketing,29.0,62156.86274509804,2020-01-05
6.0,Employee_6,IT,30.0,65000.0,2020-01-05
8.0,Employee_7,HR,31.0,70000.0,2020-01-07
8.0,Employee_1,Finance,32.0,75000.0,2020-01-08
9.0,Employee_9,HR,33.0,80000.0,2020-01-09
10.0,Employee_10,Marketing,29.362745098039216,85000.0,2020-01-10
11.0,Employee_11,IT,25.0,62156.86274509804,2020-01-11
12.0,Employee_12,HR,26.0,45000.0,2020-01-11
13.0,Employee_13,Finance,27.0,50000.0,2020-01-13
14.0,Employee_14,Sales,28.0,55000.0,2020-01-14
15.0,Employee_15,Marketing,29.0,60000.0,2020-01-15
16.0,Employee_16,IT,30.0,65000.0,2020-01-16
17.0,Employee_17,HR,31.0,70000.0,2020-01-17
18.0,Employee_18,Finance,32.0,75000.0,2020-01-18
19.0,Employee_19,Sales,33.0,80000.0,2020-01-19
20.0,Employee_20,Marketing,34.0,85000.0,2020-01-20
21.0,Employee_21,IT,25.0,40000.0,2020-01-21
22.0,Employee_22,HR,26.0,45000.0,2020-01-22
23.0,Employee_23,Finance,27.0,50000.0,2020-01-23
24.0,Employee_24,Sales,28.0,55000.0,2020-01-24
25.0,Employee_25,Marketing,29.0,60000.0,2020-01-25
26.0,Employee_26,IT,30.0,65000.0,2020-01-26
27.0,Employee_27,HR,31.0,70000.0,2020-01-27
28.0,Employee_28,Finance,32.0,75000.0,2020-01-28
29.0,Employee_29,Sales,33.0,80000.0,2020-01-29
30.0,Employee_30,Marketing,34.0,85000.0,2020-01-30
31.0,Employee_31,IT,25.0,40000.0,2020-01-31
32.0,Employee_32,HR,26.0,45000.0,2020-02-01
33.0,Employee_33,Finance,27.0,50000.0,2020-02-02
34.0,Employee_34,Sales,28.0,55000.0,2020-02-03
35.0,Employee_35,Marketing,29.0,60000.0,2020-02-04
36.0,Employee_36,IT,30.0,65000.0,2020-02-05
37.0,Employee_37,HR,31.0,70000.0,2020-02-06
38.0,Employee_38,Finance,32.0,75000.0,2020-02-07
39.0,Employee_39,Sales,33.0,80000.0,2020-02-08
40.0,Employee_40,Marketing,34.0,85000.0,2020-02-09
41.0,Employee_41,IT,25.0,40000.0,2020-02-10
42.0,Employee_42,HR,26.0,45000.0,2020-02-11
43.0,Employee_43,Finance,27.0,50000.0,2020-02-12
44.0,Employee_44,Sales,28.0,55000.0,2020-02-13
45.0,Employee_45,Marketing,29.0,60000.0,2020-02-14
46.0,Employee_46,IT,30.0,65000.0,2020-02-15
47.0,Employee_47,HR,31.0,70000.0,2020-02-16
48.0,Employee_48,Finance,32.0,75000.0,2020-02-17
49.0,Employee_49,Sales,33.0,80000.0,2020-02-18
50.0,Employee_50,Marketing,34.0,85000.0,2020-02-19
51.0,Employee_51,IT,25.0,40000.0,2020-02-20
52.0,Employee_52,HR,26.0,45000.0,2020-02-21
53.0,Employee_53,Finance,27.0,50000.0,2020-02-22
54.0,Employee_54,Sales,28.0,55000.0,2020-02-23
55.0,Employee_55,Marketing,29.0,60000.0,2020-02-24
56.0,Employee_56,IT,30.0,65000.0,2020-02-25
57.0,Employee_57,HR,31.0,70000.0,2020-02-26
58.0,Employee_58,Finance,32.0,75000.0,2020-02-27
59.0,Employee_59,Sales,33.0,80000.0,2020-02-28
60.0,Employee_60,Marketing,34.0,85000.0,2020-02-29
61.0,Employee_61,IT,25.0,40000.0,2020-03-01
62.0,Employee_62,HR,26.0,45000.0,2020-03-02
63.0,Employee_63,Finance,27.0,50000.0,2020-03-03
64.0,Employee_64,Sales,28.0,55000.0,2020-03-04
65.0,Employee_65,Marketing,29.0,60000.0,2020-03-05
66.0,Employee_66,IT,30.0,65000.0,2020-03-06
67.0,Employee_67,HR,31.0,70000.0,2020-03-07
68.0,Employee_68,Finance,32.0,75000.0,2020-03-08
69.0,Employee_69,Sales,33.0,80000.0,2020-03-09
70.0,Employee_70,Marketing,34.0,85000.0,2020-03-10
71.0,Employee_71,IT,25.0,40000.0,2020-03-11
72.0,Employee_72,HR,26.0,45000.0,2020-03-12
73.0,Employee_73,Finance,27.0,50000.0,2020-03-13
74.0,Employee_74,Sales,28.0,55000.0,2020-03-14
75.0,Employee_75,Marketing,29.0,60000.0,2020-03-15
76.0,Employee_76,IT,30.0,65000.0,2020-03-16
77.0,Employee_77,HR,31.0,70000.0,2020-03-17
78.0,Employee_78,Finance,32.0,75000.0,2020-03-18
79.0,Employee_79,Sales,33.0,80000.0,2020-03-19
80.0,Employee_80,Marketing,34.0,85000.0,2020-03-20
81.0,Employee_81,IT,25.0,40000.0,2020-03-21
82.0,Employee_82,HR,26.0,45000.0,2020-03-22
83.0,Employee_83,Finance,27.0,50000.0,2020-03-23
84.0,Employee_84,Sales,28.0,55000.0,2020-03-24
85.0,Employee_85,Marketing,29.0,60000.0,2020-03-25
86.0,Employee_86,IT,30.0,65000.0,2020-03-26
87.0,Employee_87,HR,31.0,70000.0,2020-03-27
88.0,Employee_88,Finance,32.0,75000.0,2020-03-28
89.0,Employee_89,Sales,33.0,80000.0,2020-03-29
90.0,Employee_90,Marketing,34.0,85000.0,2020-03-30
91.0,Employee_91,IT,25.0,40000.0,2020-03-31
92.0,Employee_92,HR,26.0,45000.0,2020-04-01
93.0,Employee_93,Finance,27.0,50000.0,2020-04-02
94.0,Employee_94,Sales,28.0,55000.0,2020-04-03
95.0,Employee_95,Marketing,29.0,60000.0,2020-04-04
96.0,Employee_96,IT,30.0,65000.0,2020-04-05
97.0,Employee_97,HR,31.0,70000.0,2020-04-06
98.0,Employee_98,Finance,32.0,75000.0,2020-04-07
99.0,Employee_99,Sales,33.0,80000.0,2020-04-08
100.0,Employee_100,Marketing,34.0,85000.0,2020-04-09
