mean_fit_time,std_fit_time,mean_score_time,std_score_time,param_model__learning_rate,param_model__max_depth,param_model__n_estimators,param_model__subsample,params,split0_test_score,split1_test_score,split2_test_score,split3_test_score,split4_test_score,mean_test_score,std_test_score,rank_test_score
0.49481725692749023,0.01992128904944267,0.03270387649536133,0.013560628124814325,0.05,3,50,0.8,"{'model__learning_rate': 0.05, 'model__max_depth': 3, 'model__n_estimators': 50, 'model__subsample': 0.8}",0.5517635678943478,0.5849763526411031,0.630361323400298,0.5022326392438683,0.6259290951658136,0.5790525956690862,0.04798141178662557,15
0.28268003463745117,0.007056042748721004,0.014782428741455078,0.001060798643054444,0.05,3,50,1.0,"{'model__learning_rate': 0.05, 'model__max_depth': 3, 'model__n_estimators': 50, 'model__subsample': 1.0}",0.526415151494929,0.5841276832995753,0.6328352483910162,0.4989518665043623,0.6120951279919915,0.5708850155363748,0.05072163188692133,16
0.7664861679077148,0.0650221985657992,0.03443121910095215,0.007216040887574393,0.05,3,100,0.8,"{'model__learning_rate': 0.05, 'model__max_depth': 3, 'model__n_estimators': 100, 'model__subsample': 0.8}",0.5763283570245177,0.6564227357978198,0.6927168690641502,0.6163395830314252,0.6462640121823491,0.6376143114200523,0.03917511527476088,10
0.7789581775665283,0.07589645572023553,0.02322087287902832,0.00379901404684008,0.05,3,100,1.0,"{'model__learning_rate': 0.05, 'model__max_depth': 3, 'model__n_estimators': 100, 'model__subsample': 1.0}",0.5810671792007257,0.6619621972881846,0.6908616611123648,0.6049467050308517,0.6443071901800377,0.6366289865624328,0.039326303578275455,11
0.5835072994232178,0.023331310066469227,0.022205543518066407,0.001899077466727104,0.05,5,50,0.8,"{'model__learning_rate': 0.05, 'model__max_depth': 5, 'model__n_estimators': 50, 'model__subsample': 0.8}",0.5935832458936001,0.65740561244152,0.6938183127543798,0.5594949348053148,0.6461057717501328,0.6300815755289895,0.04770817842822374,13
0.5145190238952637,0.02087091011605604,0.022565603256225586,0.0031844839424129455,0.05,5,50,1.0,"{'model__learning_rate': 0.05, 'model__max_depth': 5, 'model__n_estimators': 50, 'model__subsample': 1.0}",0.5860181293701994,0.649967449536301,0.6877146163777199,0.5383996136847303,0.6491909998797394,0.622258161769738,0.053147579215391726,14
1.1293180942535401,0.022630929795239466,0.03867177963256836,0.009670010823613722,0.05,5,100,0.8,"{'model__learning_rate': 0.05, 'model__max_depth': 5, 'model__n_estimators': 100, 'model__subsample': 0.8}",0.6269869495674176,0.7011313115120111,0.7351732149794283,0.6599629517872011,0.6874981827546308,0.6821505221201377,0.03670308382768198,3
0.9365285396575928,0.03770460686282667,0.028873109817504884,0.0033756703091609645,0.05,5,100,1.0,"{'model__learning_rate': 0.05, 'model__max_depth': 5, 'model__n_estimators': 100, 'model__subsample': 1.0}",0.6107955262212768,0.7016850336711075,0.7272477409281821,0.6323965126381491,0.6817292440276388,0.6707708114972709,0.04320889165657031,7
0.4015966415405273,0.030173762760153107,0.016430187225341796,0.004068020847933565,0.1,3,50,0.8,"{'model__learning_rate': 0.1, 'model__max_depth': 3, 'model__n_estimators': 50, 'model__subsample': 0.8}",0.5891037970448514,0.6545573594298634,0.6942344615865043,0.6018382615688316,0.6528129684676538,0.6385093696195409,0.03834865723538749,9
0.3675059795379639,0.02073505997182,0.017760658264160158,0.00378024564252957,0.1,3,50,1.0,"{'model__learning_rate': 0.1, 'model__max_depth': 3, 'model__n_estimators': 50, 'model__subsample': 1.0}",0.5679542003210123,0.6593023247004248,0.6935827611938716,0.616838003648232,0.6443947854919009,0.6364144150710883,0.042251152423317104,12
0.7527776718139648,0.025387649447299303,0.02667975425720215,0.008160257676765712,0.1,3,100,0.8,"{'model__learning_rate': 0.1, 'model__max_depth': 3, 'model__n_estimators': 100, 'model__subsample': 0.8}",0.6249093779501029,0.6925342099601455,0.7190314355375153,0.6594147486789105,0.6722800572260115,0.673633965870537,0.03161092897397186,6
0.5560847282409668,0.028643134878919417,0.0231536865234375,0.005244186545817698,0.1,3,100,1.0,"{'model__learning_rate': 0.1, 'model__max_depth': 3, 'model__n_estimators': 100, 'model__subsample': 1.0}",0.5989919397794625,0.6897275093360533,0.7185308687873578,0.6669340980327176,0.6754380361131733,0.669924490409753,0.03956136486344564,8
0.5551355361938477,0.03812714211436059,0.028328704833984374,0.010537177061969464,0.1,5,50,0.8,"{'model__learning_rate': 0.1, 'model__max_depth': 5, 'model__n_estimators': 50, 'model__subsample': 0.8}",0.632662268633335,0.7059283312709996,0.7396257879276819,0.6610999359004124,0.684391364885507,0.6847415377235871,0.03669457553383964,2
0.4876857280731201,0.04068675151974709,0.023586034774780273,0.00818425022665513,0.1,5,50,1.0,"{'model__learning_rate': 0.1, 'model__max_depth': 5, 'model__n_estimators': 50, 'model__subsample': 1.0}",0.6012158120344298,0.7032659869360847,0.7297520000113633,0.6404302562574615,0.6960427816812331,0.6741413673841145,0.046636967118193574,5
0.9199471473693848,0.02368755115069978,0.022315120697021483,0.0009035825675897521,0.1,5,100,0.8,"{'model__learning_rate': 0.1, 'model__max_depth': 5, 'model__n_estimators': 100, 'model__subsample': 0.8}",0.6598045135276531,0.7157612119556054,0.7530469408852583,0.6722198245950559,0.6873390066654034,0.6976342995257953,0.03341295280702416,1
0.6309289455413818,0.07450410057685682,0.01775197982788086,0.003724230024591097,0.1,5,100,1.0,"{'model__learning_rate': 0.1, 'model__max_depth': 5, 'model__n_estimators': 100, 'model__subsample': 1.0}",0.6110470763872771,0.7178154685374469,0.7406590734765339,0.6154219196337183,0.6989320104430354,0.6767751096956023,0.05355518355175778,4
